<?xml version="1.0" encoding="UTF-8"?>

<beans:beans xmlns="http://www.springframework.org/schema/security"
	xmlns:beans="http://www.springframework.org/schema/beans" xmlns:xsi="http://www.w3.org/2001/XMLSchema-instance"
	xsi:schemaLocation="http://www.springframework.org/schema/beans
    http://www.springframework.org/schema/beans/spring-beans.xsd
    http://www.springframework.org/schema/security
    http://www.springframework.org/schema/security/spring-security-4.1.xsd">

	<http auto-config="true" use-expressions="true">
		<intercept-url pattern="/" access="permitAll" />
		<intercept-url pattern="/login" access="permitAll" />
		<intercept-url pattern="/logout" access="permitAll" />
		<intercept-url pattern="/accessdenied" access="permitAll" />
		<intercept-url pattern="/aboutus" access="permitAll" />
		<form-login login-page="/login" default-target-url="/index"
			authentication-failure-url="/accessdenied" />
		<logout invalidate-session="true" delete-cookies="JSESSIONID"
			logout-success-url="/logout" />

	</http>
	<authentication-manager alias="authenticationManager">
		<authentication-provider>
			<jdbc-user-service data-source-ref="dataSource"
				users-by-username-query="select name,pwd,enabled from customer where name=?"
				authorities-by-username-query="select name,role from customer where name = ?" />
		</authentication-provider>
	</authentication-manager>

</beans:beans>